{"sifra":{"0":"K001","1":"M001","2":"M002","3":"M003","4":"M004","5":"M005","6":"P001","7":"P002","8":"P003","9":"P004","10":"P005","11":"P006","12":"P007","13":"P008","14":"P009","15":"P010","16":"P011","17":"P012","18":"P013","19":"P014","20":"P015","21":"P016","22":"P017","23":"P018","24":"P019","25":"P020","26":"P021","27":"P022","28":"P023","29":"P024","30":"P025","31":"P026","32":"P027","33":"P028","34":"R001","35":"V001"},"pun_naziv":{"0":"Kancelarija 1","1":"Magacin 1","2":"Magacin 2","3":"Magacin 3","4":"Magacin 4","5":"Magacin 5","6":"Prodavnica 01","7":"Prodavnica 02","8":"Prodavnica 03","9":"Prodavnica 04","10":"Prodavnica 05","11":"Prodavnica 06","12":"Prodavnica 07","13":"Prodavnica 08","14":"Prodavnica 09","15":"Prodavnica 10","16":"Prodavnica 11","17":"Prodavnica 12","18":"Prodavnica 13","19":"Prodavnica 14","20":"Prodavnica 15","21":"Prodavnica 16","22":"Prodavnica 17","23":"Prodavnica 18","24":"Prodavnica 19","25":"Prodavnica 20","26":"Prodavnica 21","27":"Prodavnica 22","28":"Prodavnica 23","29":"Prodavnica 24","30":"Prodavnica 25","31":"Prodavnica 26","32":"Prodavnica 27","33":"Prodavnica 28","34":"Ra\u010dunarski centar 1","35":"Vozni park 1"},"adresa":{"0":"Sokolska 12","1":"Bulevar Milutina Milankovi\u0107a 87","2":"Zire Adamovi\u0107e 7","3":"Alpskih ru\u017ea 18","4":"Volgina 54","5":"Crnotravska 29","6":"Jurija Gagarina 173","7":"Vladimira Popovi\u0107a 15","8":"Bulevar Nikole Tesle 65","9":"Pariske komune 56","10":"Klare Cetkin 18","11":"To\u0161in bunar 31","12":"Lazara Mamuzi\u0107a 19","13":"Pavla Vuisi\u0107a 99","14":"Ugrinova\u010dka 117","15":"Prvomajska 45","16":"Vrtlarska 43","17":"Geteova 24","18":"Grge Andrijanovi\u0107a ulica 5. 12","19":"Bruska 3","20":"Branka Miljkovi\u0107a 6","21":"Samo\u0161ka 31","22":"Boljetinska 26","23":"Stevana Hristi\u0107a 15","24":"Bistri\u010dka 21","25":"\u0160ejkina 72","26":"\u017divka Davidovi\u0107a 28","27":"Gospodara Vu\u010di\u0107a 63","28":"Stojana Proti\u0107a 11","29":"Vojvode Stepe 85","30":"Neznanog junaka 15","31":"Petra Konjovi\u0107a 13","32":"Zaplanjska 34","33":"Hasanaginice 15","34":"Tamnavska 7","35":"Brodarska 25"}}