{"naziv":{"0":"Generalni direktor","1":"Direktor prodaje","2":"Direktor pravne slu\u017ebe","3":"Direktor za ljudske resurse","4":"Direktor finansija","5":"Direktor magacina","6":"Direktor administracije","7":"Direktor za logistiku","8":"Upravnik IT sektora","9":"Programer","10":"Serviser IT opreme","11":"Upravnik voznog parka","12":"Radnik na odr\u017eavanju vozila","13":"Koordinator","14":"Voza\u010d putni\u010dkog vozila","15":"Pravnik","16":"Knjigovo\u0111a","17":"Upravnik magacina","18":"Magacioner","19":"Voza\u010d teretnog vozila","20":"Radnik na istovaru robe","21":"Radnik prodavac"},"opis":{"0":"vo\u0111enje kompanije, odnosi s javno\u0161\u0107u, raspodela bu\u017eeta sektorima","1":"formiranje cena proizvoda, pra\u0107enje prodaje po artiklima, izbor asortimana","2":"implementiranje zakona u rad kompanije, re\u0161avanje pravnih pitanja unutar kompanije, re\u0161avanje ostalih pravnih pitanja kompanije","3":"evedencija o zaposlenima, komunikacija zaposlenih s nadre\u0111enima, organizovanje teambuilding aktivnosti","4":"formiranje plata, finansijsko pra\u0107enje prodaje, finansijski izve\u0161taji","5":"koordinacija rada svih magacina, uspostavljanje odnosa sa dobavlja\u010dima","6":"koordinacija rada svih sektora, upravljanje administrativnim poslovima","7":"nabavka potro\u0161nog materijala za sve sektore, odr\u017eavanje i popravka vozila, podr\u0161ka i odr\u017eavanje ra\u010dunarskog centra","8":"evidencija o radnicima u IT sektoru, dodeljivanje zadataka, odr\u017eavanje i podr\u0161ka za programe i IT opremu u ostalim sektorima","9":"pisanje potrebnih programa, re\u0161avanje softverskih problema u drugim sektorima","10":"odr\u017eavanje IT opreme u svim sektorima, instalacija i apdejt programa","11":"evidencija o vozilima, raspored redovnih pregleda vozila, dodeljivanje zadataka za odr\u017eavanje i popravku vozila","12":"popravka vozila, redovna provera vozila, dopuna goriva","13":"koordinacija izme\u0111u prodavnica i administracije, preno\u0161enje zadataka ostalim sektorima, komunikacija s ostalim sektorima","14":"dostava potro\u0161nog materijala, sakupljanje dnevnog pazara prodavnica","15":"re\u0161avanje pravnih pitanja, pra\u0107enje promene zakonskih odredbi, pravni saveti zaposlenima","16":"evidencija prometa, izmirivanje zakonskih obaveza, evidencija svih tro\u0161kova","17":"uspostavljanje prioriteta u radu magacina, nabavka potrebne robe, dodeljivanje zadataka za izdavanje robe","18":"utovar robe u transportno vozilo, izdavanje dostavnice","19":"kontorla utovarene robe, pomaganje u istovaru robe, briga o dostavnicama","20":"istovar robe","21":"prijem robe, evidentiranje robe u skladu s dostavnicom, prodaja, izlaganje artikala, odr\u017eavanje higijene radnje, pra\u0107enje rokova upotrebe artikala"},"sektor":{"0":"Administracija","1":"Prodaja","2":"Pravna slu\u017eba","3":"Administracija","4":"Finansije","5":"Magacin","6":"Administracija","7":"Logistika","8":"Logistika","9":"Logistika","10":"Logistika","11":"Logistika","12":"Logistika","13":"Administracija","14":"Administracija","15":"Pravna slu\u017eba","16":"Finansije","17":"Magacin","18":"Magacin","19":"Magacin","20":"Magacin","21":"Prodaja"}}